,part
0,2.0
1,0.0
2,0.0
3,0.0
4,0.0
5,0.0
6,0.0
7,0.0
8,0.0
9,0.0
10,0.0
11,0.0
12,2.0
13,2.0
14,0.0
15,0.0
16,0.0
17,0.0
18,0.0
19,0.0
20,0.0
21,0.0
22,0.0
23,0.0
24,0.0
25,0.0
26,0.0
27,0.0
28,0.0
29,0.0
30,0.0
31,0.0
32,0.0
33,0.0
34,0.0
35,0.0
36,0.0
37,0.0
38,0.0
39,0.0
40,0.0
41,0.0
42,0.0
43,0.0
44,0.0
45,0.0
46,0.0
47,2.0
48,0.0
49,0.0
50,0.0
51,0.0
52,0.0
53,0.0
54,0.0
55,0.0
56,0.0
57,0.0
58,0.0
59,0.0
60,0.0
61,0.0
62,0.0
63,0.0
64,0.0
65,0.0
66,0.0
67,0.0
68,0.0
69,0.0
70,0.0
71,0.0
72,0.0
73,0.0
74,0.0
75,0.0
76,0.0
77,0.0
78,0.0
79,0.0
80,0.0
81,0.0
82,0.0
83,0.0
84,0.0
85,0.0
86,0.0
87,0.0
88,0.0
89,0.0
90,0.0
91,0.0
92,0.0
93,0.0
94,0.0
95,0.0
96,2.0
97,2.0
98,0.0
99,0.0
100,0.0
101,0.0
102,0.0
103,0.0
104,0.0
105,0.0
106,0.0
107,0.0
108,0.0
109,0.0
110,0.0
111,0.0
112,0.0
113,0.0
114,0.0
115,0.0
116,0.0
117,0.0
118,0.0
119,0.0
120,0.0
121,0.0
122,0.0
123,0.0
124,0.0
125,0.0
126,0.0
127,0.0
128,0.0
129,0.0
130,0.0
131,0.0
132,0.0
133,0.0
134,0.0
135,0.0
136,0.0
137,0.0
138,0.0
139,0.0
140,1.0
141,1.0
142,1.0
143,1.0
144,2.0
145,1.0
146,2.0
147,1.0
148,1.0
149,1.0
150,1.0
151,2.0
152,1.0
153,1.0
154,1.0
155,1.0
156,1.0
157,1.0
158,1.0
159,1.0
160,1.0
161,0.0
162,0.0
163,0.0
164,0.0
165,0.0
166,0.0
167,0.0
168,0.0
169,0.0
170,0.0
171,0.0
172,0.0
173,0.0
174,0.0
175,0.0
176,0.0
177,0.0
178,0.0
179,0.0
180,0.0
181,0.0
182,0.0
183,1.0
184,2.0
185,1.0
186,2.0
187,2.0
188,1.0
189,0.0
190,0.0
191,0.0
192,0.0
193,0.0
194,0.0
195,0.0
196,0.0
197,0.0
198,0.0
199,0.0
200,0.0
201,0.0
202,0.0
203,0.0
204,0.0
205,0.0
206,0.0
207,0.0
208,0.0
209,0.0
210,0.0
211,0.0
212,0.0
213,0.0
214,0.0
215,0.0
216,0.0
217,0.0
218,0.0
219,0.0
220,1.0
221,2.0
222,2.0
223,2.0
224,1.0
225,0.0
226,0.0
227,0.0
228,0.0
229,0.0
230,0.0
231,0.0
232,0.0
233,0.0
234,0.0
235,0.0
236,0.0
237,0.0
238,0.0
239,0.0
240,0.0
241,0.0
242,0.0
243,0.0
244,0.0
245,0.0
246,0.0
247,0.0
248,0.0
249,0.0
250,0.0
251,0.0
252,0.0
253,0.0
254,0.0
255,0.0
256,0.0
257,0.0
258,0.0
259,0.0
260,0.0
261,0.0
262,0.0
263,0.0
264,0.0
265,0.0
266,0.0
267,0.0
268,1.0
269,2.0
270,1.0
271,2.0
272,1.0
273,0.0
274,0.0
275,0.0
276,0.0
277,0.0
278,0.0
279,0.0
280,0.0
281,0.0
282,0.0
283,0.0
284,0.0
285,0.0
286,0.0
287,0.0
288,0.0
289,0.0
290,0.0
291,0.0
292,0.0
293,0.0
294,0.0
295,0.0
296,0.0
297,0.0
298,0.0
299,0.0
300,1.0
301,1.0
302,1.0
303,1.0
304,1.0
305,1.0
306,1.0
307,1.0
308,1.0
309,1.0
310,1.0
311,1.0
312,1.0
313,1.0
314,1.0
315,1.0
316,1.0
317,1.0
318,1.0
319,1.0
320,1.0
321,1.0
322,1.0
323,1.0
324,1.0
325,1.0
326,1.0
327,1.0
328,1.0
329,1.0
330,1.0
331,1.0
332,1.0
333,1.0
334,1.0
335,1.0
336,1.0
337,1.0
338,1.0
339,1.0
340,1.0
341,1.0
342,1.0
343,1.0
344,1.0
345,1.0
346,1.0
347,1.0
348,1.0
349,1.0
350,1.0
351,1.0
352,1.0
353,1.0
354,1.0
355,1.0
356,1.0
357,1.0
358,1.0
359,1.0
360,1.0
361,1.0
362,1.0
363,1.0
364,1.0
365,1.0
366,1.0
367,1.0
368,1.0
369,1.0
370,1.0
371,1.0
372,1.0
373,1.0
374,1.0
375,1.0
376,1.0
377,1.0
378,1.0
379,1.0
380,1.0
381,1.0
382,1.0
383,1.0
384,1.0
385,1.0
386,1.0
387,1.0
388,1.0
389,1.0
390,1.0
391,1.0
392,1.0
393,1.0
394,1.0
395,1.0
396,1.0
397,1.0
398,1.0
399,1.0
400,1.0
401,1.0
402,1.0
403,1.0
404,1.0
405,1.0
406,1.0
407,1.0
408,1.0
409,1.0
410,1.0
411,1.0
412,1.0
413,1.0
414,1.0
415,1.0
416,1.0
417,1.0
418,1.0
419,1.0
420,1.0
421,1.0
422,1.0
423,1.0
424,1.0
425,1.0
426,1.0
427,1.0
428,1.0
429,1.0
430,1.0
431,1.0
432,1.0
433,1.0
434,1.0
435,1.0
436,1.0
437,1.0
438,1.0
439,1.0
440,1.0
441,1.0
442,1.0
443,1.0
444,1.0
445,1.0
446,1.0
447,1.0
448,1.0
449,1.0
450,1.0
451,0.0
452,1.0
453,1.0
454,1.0
455,1.0
456,0.0
457,0.0
458,1.0
459,1.0
460,1.0
461,1.0
462,0.0
463,0.0
464,1.0
465,1.0
466,1.0
467,1.0
468,0.0
469,0.0
470,0.0
471,0.0
472,1.0
473,1.0
474,1.0
475,0.0
476,0.0
477,0.0
478,0.0
479,0.0
480,1.0
481,1.0
482,1.0
483,0.0
484,0.0
485,0.0
486,0.0
487,0.0
488,0.0
489,1.0
490,1.0
491,1.0
492,0.0
493,0.0
494,0.0
495,0.0
496,0.0
497,0.0
498,1.0
499,1.0
500,1.0
501,1.0
502,0.0
503,1.0
504,0.0
505,0.0
506,0.0
507,0.0
508,0.0
509,1.0
510,1.0
511,1.0
512,1.0
513,0.0
514,0.0
515,0.0
516,0.0
517,0.0
518,0.0
519,0.0
520,0.0
521,1.0
522,1.0
523,1.0
524,1.0
525,0.0
526,0.0
527,0.0
528,0.0
529,0.0
530,0.0
531,0.0
532,0.0
533,0.0
534,1.0
535,1.0
536,1.0
537,1.0
538,0.0
539,0.0
540,0.0
541,0.0
542,0.0
543,0.0
544,0.0
545,0.0
546,0.0
547,0.0
548,1.0
549,1.0
550,1.0
551,1.0
552,0.0
553,0.0
554,0.0
555,0.0
556,0.0
557,0.0
558,0.0
559,0.0
560,0.0
561,0.0
562,1.0
563,1.0
564,1.0
565,1.0
566,0.0
567,0.0
568,0.0
569,0.0
570,0.0
571,0.0
572,0.0
573,0.0
574,0.0
575,0.0
576,0.0
577,0.0
578,1.0
579,1.0
580,1.0
581,1.0
582,0.0
583,0.0
584,0.0
585,0.0
586,0.0
587,0.0
588,0.0
589,0.0
590,0.0
591,0.0
592,0.0
593,0.0
594,0.0
595,1.0
596,1.0
597,1.0
598,1.0
599,0.0
600,1.0
601,1.0
602,1.0
603,1.0
604,1.0
605,1.0
606,1.0
607,1.0
608,1.0
609,1.0
610,1.0
611,1.0
612,1.0
613,1.0
614,1.0
615,1.0
616,1.0
617,1.0
618,1.0
619,1.0
620,1.0
621,1.0
622,1.0
623,1.0
624,1.0
625,1.0
626,1.0
627,1.0
628,1.0
629,1.0
630,1.0
631,1.0
632,1.0
633,1.0
634,1.0
635,1.0
636,1.0
637,1.0
638,1.0
639,1.0
640,1.0
641,1.0
642,1.0
643,1.0
644,1.0
645,1.0
646,1.0
647,1.0
648,1.0
649,1.0
650,1.0
651,1.0
652,1.0
653,1.0
654,1.0
655,1.0
656,1.0
657,1.0
658,1.0
659,1.0
660,1.0
661,1.0
662,1.0
663,1.0
664,1.0
665,1.0
666,1.0
667,1.0
668,1.0
669,1.0
670,1.0
671,1.0
672,1.0
673,1.0
674,1.0
675,1.0
676,1.0
677,1.0
678,1.0
679,1.0
680,1.0
681,1.0
682,1.0
683,1.0
684,1.0
685,1.0
686,1.0
687,1.0
688,1.0
689,1.0
690,1.0
691,1.0
692,1.0
693,1.0
694,1.0
695,1.0
696,1.0
697,1.0
698,1.0
699,1.0
700,1.0
701,1.0
702,1.0
703,1.0
704,1.0
705,1.0
706,1.0
707,0.0
708,1.0
709,1.0
710,1.0
711,1.0
712,0.0
713,0.0
714,0.0
715,1.0
716,1.0
717,1.0
718,1.0
719,0.0
720,0.0
721,0.0
722,1.0
723,1.0
724,1.0
725,0.0
726,0.0
727,0.0
728,0.0
729,1.0
730,1.0
731,1.0
732,1.0
733,0.0
734,0.0
735,0.0
736,0.0
737,0.0
738,0.0
739,1.0
740,1.0
741,1.0
742,0.0
743,0.0
744,0.0
745,0.0
746,0.0
747,0.0
748,0.0
749,0.0
750,1.0
751,1.0
752,1.0
753,0.0
754,0.0
755,0.0
756,0.0
757,0.0
758,0.0
759,0.0
760,0.0
761,1.0
762,1.0
763,1.0
764,0.0
765,0.0
766,0.0
767,0.0
768,0.0
769,0.0
770,0.0
771,0.0
772,0.0
773,0.0
774,1.0
775,1.0
776,1.0
777,0.0
778,0.0
779,0.0
780,0.0
781,0.0
782,0.0
783,0.0
784,0.0
785,0.0
786,0.0
787,0.0
788,0.0
789,0.0
790,1.0
791,1.0
792,1.0
793,0.0
794,0.0
795,0.0
796,0.0
797,0.0
798,0.0
799,0.0
800,0.0
801,0.0
802,0.0
803,0.0
804,0.0
805,0.0
806,1.0
807,1.0
808,1.0
809,1.0
810,0.0
811,0.0
812,0.0
813,0.0
814,0.0
815,0.0
816,0.0
817,0.0
818,0.0
819,0.0
820,0.0
821,0.0
822,0.0
823,1.0
824,1.0
825,1.0
826,0.0
827,0.0
828,0.0
829,0.0
830,0.0
831,0.0
832,0.0
833,0.0
834,0.0
835,0.0
836,0.0
837,0.0
838,0.0
839,0.0
840,0.0
841,0.0
842,1.0
843,1.0
844,1.0
845,0.0
846,0.0
847,0.0
848,0.0
849,0.0
850,0.0
851,0.0
852,0.0
853,0.0
854,0.0
855,0.0
856,0.0
857,0.0
858,0.0
859,0.0
860,1.0
861,0.0
862,1.0
863,1.0
864,1.0
865,0.0
866,0.0
867,0.0
868,0.0
869,0.0
870,0.0
871,0.0
872,0.0
873,0.0
874,0.0
875,0.0
876,0.0
877,0.0
878,0.0
879,0.0
880,0.0
881,0.0
882,1.0
883,1.0
884,1.0
885,0.0
886,0.0
887,0.0
888,0.0
889,0.0
890,0.0
891,0.0
892,0.0
893,0.0
894,0.0
895,0.0
896,0.0
897,0.0
898,0.0
899,0.0
900,2.0
901,2.0
902,2.0
903,2.0
904,2.0
905,2.0
906,2.0
907,2.0
908,2.0
909,2.0
910,2.0
911,2.0
912,2.0
913,2.0
914,2.0
915,2.0
916,2.0
917,2.0
918,2.0
919,2.0
920,2.0
921,2.0
922,2.0
923,2.0
924,1.0
925,2.0
926,2.0
927,2.0
928,1.0
929,1.0
930,1.0
931,1.0
932,1.0
933,1.0
934,1.0
935,1.0
936,1.0
937,1.0
938,1.0
939,1.0
940,1.0
941,3.0
942,1.0
943,1.0
944,1.0
945,1.0
946,1.0
947,1.0
948,1.0
949,1.0
950,1.0
951,1.0
952,1.0
953,1.0
954,1.0
955,1.0
956,1.0
957,3.0
958,1.0
959,3.0
960,1.0
961,3.0
962,3.0
963,3.0
964,3.0
965,3.0
966,3.0
967,3.0
968,3.0
969,3.0
970,1.0
971,1.0
972,1.0
973,1.0
974,1.0
975,1.0
976,1.0
977,1.0
978,1.0
979,1.0
980,1.0
981,1.0
982,1.0
983,1.0
984,1.0
985,1.0
986,1.0
987,1.0
988,1.0
989,1.0
990,1.0
991,1.0
992,1.0
993,1.0
994,1.0
995,1.0
996,1.0
997,1.0
998,1.0
999,1.0
1000,1.0
1001,1.0
1002,1.0
1003,1.0
1004,1.0
1005,1.0
1006,1.0
1007,1.0
1008,1.0
1009,1.0
1010,1.0
1011,1.0
1012,1.0
1013,1.0
1014,3.0
1015,3.0
1016,1.0
1017,3.0
1018,3.0
1019,3.0
1020,1.0
1021,3.0
1022,3.0
1023,3.0
1024,1.0
1025,1.0
1026,3.0
1027,3.0
1028,1.0
1029,1.0
1030,1.0
1031,1.0
1032,1.0
1033,1.0
1034,1.0
1035,1.0
1036,1.0
1037,1.0
1038,1.0
1039,1.0
1040,1.0
1041,1.0
1042,1.0
1043,1.0
1044,1.0
1045,3.0
1046,3.0
1047,3.0
1048,3.0
1049,3.0
1050,1.0
1051,1.0
1052,1.0
1053,1.0
1054,1.0
1055,1.0
1056,1.0
1057,1.0
1058,1.0
1059,1.0
1060,1.0
1061,1.0
1062,1.0
1063,1.0
1064,1.0
1065,1.0
1066,1.0
1067,1.0
1068,3.0
1069,3.0
1070,3.0
1071,1.0
1072,3.0
1073,3.0
1074,1.0
1075,1.0
1076,1.0
1077,1.0
1078,1.0
1079,1.0
1080,1.0
1081,1.0
1082,1.0
1083,1.0
1084,1.0
1085,3.0
1086,3.0
1087,3.0
1088,3.0
1089,3.0
1090,3.0
1091,3.0
1092,3.0
1093,3.0
1094,3.0
1095,1.0
1096,1.0
1097,1.0
1098,1.0
1099,1.0
1100,1.0
1101,1.0
1102,1.0
1103,1.0
1104,1.0
1105,0.0
1106,0.0
1107,0.0
1108,0.0
1109,0.0
1110,0.0
1111,0.0
1112,0.0
1113,0.0
1114,0.0
1115,0.0
1116,0.0
1117,1.0
1118,0.0
1119,0.0
1120,0.0
1121,0.0
1122,0.0
1123,0.0
1124,0.0
1125,1.0
1126,0.0
1127,0.0
1128,0.0
1129,0.0
1130,0.0
1131,0.0
1132,0.0
1133,0.0
1134,0.0
1135,0.0
1136,0.0
1137,0.0
1138,0.0
1139,1.0
1140,0.0
1141,0.0
1142,0.0
1143,0.0
1144,0.0
1145,0.0
1146,0.0
1147,0.0
1148,0.0
1149,0.0
1150,0.0
1151,0.0
1152,0.0
1153,0.0
1154,0.0
1155,0.0
1156,0.0
1157,0.0
1158,0.0
1159,1.0
1160,0.0
1161,0.0
1162,0.0
1163,1.0
1164,1.0
1165,1.0
1166,1.0
1167,3.0
1168,1.0
1169,3.0
1170,3.0
1171,3.0
1172,3.0
1173,3.0
1174,3.0
1175,1.0
1176,1.0
1177,1.0
1178,1.0
1179,1.0
1180,1.0
1181,1.0
1182,1.0
1183,1.0
1184,0.0
1185,1.0
1186,0.0
1187,0.0
1188,0.0
1189,0.0
1190,0.0
1191,1.0
1192,0.0
1193,0.0
1194,0.0
1195,0.0
1196,0.0
1197,0.0
1198,0.0
1199,0.0
1200,2.0
1201,2.0
1202,2.0
1203,2.0
1204,2.0
1205,2.0
1206,2.0
1207,2.0
1208,2.0
1209,2.0
1210,2.0
1211,2.0
1212,0.0
1213,0.0
1214,0.0
1215,0.0
1216,2.0
1217,2.0
1218,2.0
1219,0.0
1220,0.0
1221,0.0
1222,0.0
1223,0.0
1224,0.0
1225,0.0
1226,0.0
1227,0.0
1228,2.0
1229,2.0
1230,2.0
1231,0.0
1232,0.0
1233,0.0
1234,0.0
1235,0.0
1236,0.0
1237,0.0
1238,0.0
1239,0.0
1240,0.0
1241,0.0
1242,0.0
1243,0.0
1244,2.0
1245,2.0
1246,1.0
1247,1.0
1248,1.0
1249,1.0
1250,1.0
1251,1.0
1252,2.0
1253,2.0
1254,1.0
1255,1.0
1256,0.0
1257,0.0
1258,0.0
1259,0.0
1260,0.0
1261,0.0
1262,0.0
1263,0.0
1264,0.0
1265,0.0
1266,0.0
1267,0.0
1268,0.0
1269,0.0
1270,0.0
1271,0.0
1272,1.0
1273,1.0
1274,2.0
1275,1.0
1276,1.0
1277,1.0
1278,1.0
1279,1.0
1280,1.0
1281,1.0
1282,2.0
1283,2.0
1284,1.0
1285,1.0
1286,1.0
1287,0.0
1288,0.0
1289,0.0
1290,0.0
1291,0.0
1292,0.0
1293,0.0
1294,0.0
1295,0.0
1296,0.0
1297,0.0
1298,0.0
1299,0.0
1300,0.0
1301,0.0
1302,0.0
1303,0.0
1304,0.0
1305,0.0
1306,0.0
1307,0.0
1308,0.0
1309,0.0
1310,1.0
1311,1.0
1312,1.0
1313,1.0
1314,2.0
1315,1.0
1316,1.0
1317,1.0
1318,1.0
1319,1.0
1320,1.0
1321,1.0
1322,2.0
1323,1.0
1324,1.0
1325,1.0
1326,1.0
1327,1.0
1328,1.0
1329,0.0
1330,0.0
1331,0.0
1332,0.0
1333,0.0
1334,0.0
1335,0.0
1336,0.0
1337,0.0
1338,0.0
1339,0.0
1340,0.0
1341,0.0
1342,0.0
1343,0.0
1344,0.0
1345,0.0
1346,0.0
1347,0.0
1348,0.0
1349,0.0
1350,0.0
1351,0.0
1352,0.0
1353,0.0
1354,0.0
1355,0.0
1356,0.0
1357,1.0
1358,1.0
1359,1.0
1360,1.0
1361,1.0
1362,1.0
1363,1.0
1364,2.0
1365,2.0
1366,1.0
1367,1.0
1368,2.0
1369,1.0
1370,1.0
1371,1.0
1372,2.0
1373,1.0
1374,1.0
1375,1.0
1376,1.0
1377,1.0
1378,1.0
1379,1.0
1380,1.0
1381,0.0
1382,0.0
1383,0.0
1384,0.0
1385,0.0
1386,0.0
1387,0.0
1388,0.0
1389,0.0
1390,0.0
1391,0.0
1392,0.0
1393,0.0
1394,0.0
1395,0.0
1396,0.0
1397,0.0
1398,0.0
1399,0.0
1400,0.0
1401,0.0
1402,0.0
1403,0.0
1404,0.0
1405,0.0
1406,0.0
1407,0.0
1408,0.0
1409,0.0
1410,0.0
1411,0.0
1412,0.0
1413,0.0
1414,0.0
1415,1.0
1416,1.0
1417,1.0
1418,1.0
1419,1.0
1420,1.0
1421,1.0
1422,1.0
1423,1.0
1424,2.0
1425,1.0
1426,1.0
1427,1.0
1428,1.0
1429,1.0
1430,2.0
1431,2.0
1432,1.0
1433,1.0
1434,1.0
1435,1.0
1436,1.0
1437,1.0
1438,1.0
1439,1.0
1440,1.0
1441,1.0
1442,1.0
1443,0.0
1444,0.0
1445,0.0
1446,0.0
1447,0.0
1448,0.0
1449,0.0
1450,0.0
1451,0.0
1452,0.0
1453,0.0
1454,0.0
1455,0.0
1456,0.0
1457,0.0
1458,0.0
1459,0.0
1460,0.0
1461,0.0
1462,0.0
1463,0.0
1464,0.0
1465,0.0
1466,0.0
1467,0.0
1468,0.0
1469,0.0
1470,0.0
1471,0.0
1472,0.0
1473,0.0
1474,1.0
1475,1.0
1476,1.0
1477,1.0
1478,1.0
1479,1.0
1480,1.0
1481,2.0
1482,2.0
1483,2.0
1484,2.0
1485,1.0
1486,2.0
1487,1.0
1488,1.0
1489,1.0
1490,1.0
1491,1.0
1492,1.0
1493,1.0
1494,1.0
1495,1.0
1496,1.0
1497,1.0
1498,0.0
1499,0.0
1500,2.0
1501,2.0
1502,2.0
1503,2.0
1504,2.0
1505,2.0
1506,2.0
1507,2.0
1508,2.0
1509,2.0
1510,2.0
1511,2.0
1512,2.0
1513,2.0
1514,2.0
1515,2.0
1516,2.0
1517,2.0
1518,2.0
1519,2.0
1520,2.0
1521,2.0
1522,2.0
1523,1.0
1524,1.0
1525,1.0
1526,2.0
1527,2.0
1528,1.0
1529,1.0
1530,1.0
1531,1.0
1532,1.0
1533,1.0
1534,1.0
1535,1.0
1536,1.0
1537,1.0
1538,1.0
1539,1.0
1540,1.0
1541,1.0
1542,1.0
1543,1.0
1544,1.0
1545,1.0
1546,1.0
1547,1.0
1548,1.0
1549,1.0
1550,1.0
1551,1.0
1552,1.0
1553,1.0
1554,1.0
1555,1.0
1556,1.0
1557,1.0
1558,1.0
1559,1.0
1560,1.0
1561,1.0
1562,0.0
1563,0.0
1564,0.0
1565,0.0
1566,0.0
1567,0.0
1568,0.0
1569,0.0
1570,0.0
1571,0.0
1572,0.0
1573,0.0
1574,0.0
1575,0.0
1576,0.0
1577,0.0
1578,0.0
1579,0.0
1580,0.0
1581,0.0
1582,0.0
1583,0.0
1584,0.0
1585,0.0
1586,0.0
1587,0.0
1588,0.0
1589,0.0
1590,0.0
1591,0.0
1592,0.0
1593,0.0
1594,0.0
1595,0.0
1596,0.0
1597,0.0
1598,0.0
1599,0.0
1600,0.0
1601,0.0
1602,0.0
1603,0.0
1604,0.0
1605,0.0
1606,0.0
1607,0.0
1608,0.0
1609,0.0
1610,0.0
1611,0.0
1612,0.0
1613,0.0
1614,0.0
1615,0.0
1616,0.0
1617,0.0
1618,0.0
1619,0.0
1620,0.0
1621,0.0
1622,0.0
1623,0.0
1624,0.0
1625,0.0
1626,0.0
1627,0.0
1628,0.0
1629,0.0
1630,0.0
1631,0.0
1632,0.0
1633,0.0
1634,0.0
1635,0.0
1636,0.0
1637,0.0
1638,0.0
1639,0.0
1640,0.0
1641,0.0
1642,0.0
1643,0.0
1644,0.0
1645,0.0
1646,0.0
1647,0.0
1648,0.0
1649,0.0
1650,0.0
1651,0.0
1652,0.0
1653,0.0
1654,1.0
1655,1.0
1656,1.0
1657,1.0
1658,1.0
1659,1.0
1660,1.0
1661,1.0
1662,1.0
1663,1.0
1664,1.0
1665,1.0
1666,1.0
1667,1.0
1668,1.0
1669,1.0
1670,1.0
1671,1.0
1672,1.0
1673,1.0
1674,1.0
1675,1.0
1676,1.0
1677,1.0
1678,1.0
1679,1.0
1680,1.0
1681,1.0
1682,1.0
1683,1.0
1684,1.0
1685,1.0
1686,1.0
1687,1.0
1688,1.0
1689,1.0
1690,1.0
1691,0.0
1692,0.0
1693,1.0
1694,0.0
1695,0.0
1696,0.0
1697,0.0
1698,0.0
1699,0.0
1700,0.0
1701,0.0
1702,0.0
1703,0.0
1704,0.0
1705,0.0
1706,0.0
1707,0.0
1708,0.0
1709,0.0
1710,0.0
1711,0.0
1712,0.0
1713,0.0
1714,0.0
1715,0.0
1716,0.0
1717,0.0
1718,0.0
1719,0.0
1720,0.0
1721,0.0
1722,0.0
1723,0.0
1724,0.0
1725,0.0
1726,0.0
1727,0.0
1728,0.0
1729,0.0
1730,0.0
1731,0.0
1732,0.0
1733,0.0
1734,0.0
1735,0.0
1736,0.0
1737,0.0
1738,0.0
1739,0.0
1740,0.0
1741,0.0
1742,0.0
1743,0.0
1744,0.0
1745,0.0
1746,0.0
1747,0.0
1748,0.0
1749,0.0
1750,0.0
1751,0.0
1752,0.0
1753,0.0
1754,0.0
1755,0.0
1756,0.0
1757,0.0
1758,0.0
1759,0.0
1760,0.0
1761,0.0
1762,0.0
1763,0.0
1764,0.0
1765,0.0
1766,0.0
1767,0.0
1768,0.0
1769,0.0
1770,0.0
1771,0.0
1772,0.0
1773,0.0
1774,0.0
1775,0.0
1776,0.0
1777,0.0
1778,0.0
1779,0.0
1780,0.0
1781,0.0
1782,0.0
1783,0.0
1784,0.0
1785,0.0
1786,0.0
1787,0.0
1788,0.0
1789,3.0
1790,3.0
1791,3.0
1792,0.0
1793,0.0
1794,3.0
1795,3.0
1796,3.0
1797,3.0
1798,3.0
1799,3.0
1800,2.0
1801,2.0
1802,2.0
1803,2.0
1804,2.0
1805,2.0
1806,2.0
1807,2.0
1808,2.0
1809,2.0
1810,2.0
1811,2.0
1812,2.0
1813,2.0
1814,2.0
1815,2.0
1816,2.0
1817,2.0
1818,2.0
1819,2.0
1820,2.0
1821,2.0
1822,2.0
1823,2.0
1824,2.0
1825,2.0
1826,2.0
1827,2.0
1828,2.0
1829,2.0
1830,2.0
1831,2.0
1832,2.0
1833,2.0
1834,2.0
1835,1.0
1836,1.0
1837,1.0
1838,1.0
1839,2.0
1840,2.0
1841,1.0
1842,1.0
1843,1.0
1844,1.0
1845,1.0
1846,1.0
1847,1.0
1848,1.0
1849,1.0
1850,1.0
1851,1.0
1852,1.0
1853,1.0
1854,1.0
1855,1.0
1856,1.0
1857,1.0
1858,1.0
1859,1.0
1860,1.0
1861,1.0
1862,1.0
1863,2.0
1864,1.0
1865,1.0
1866,1.0
1867,1.0
1868,1.0
1869,1.0
1870,1.0
1871,1.0
1872,1.0
1873,1.0
1874,1.0
1875,1.0
1876,1.0
1877,1.0
1878,1.0
1879,1.0
1880,1.0
1881,2.0
1882,1.0
1883,1.0
1884,1.0
1885,1.0
1886,1.0
1887,1.0
1888,1.0
1889,1.0
1890,1.0
1891,1.0
1892,1.0
1893,1.0
1894,1.0
1895,1.0
1896,1.0
1897,1.0
1898,1.0
1899,1.0
1900,1.0
1901,1.0
1902,1.0
1903,1.0
1904,1.0
1905,1.0
1906,1.0
1907,1.0
1908,1.0
1909,1.0
1910,1.0
1911,1.0
1912,2.0
1913,1.0
1914,1.0
1915,1.0
1916,1.0
1917,1.0
1918,1.0
1919,1.0
1920,1.0
1921,1.0
1922,1.0
1923,1.0
1924,1.0
1925,1.0
1926,1.0
1927,1.0
1928,1.0
1929,1.0
1930,1.0
1931,1.0
1932,1.0
1933,1.0
1934,1.0
1935,1.0
1936,1.0
1937,1.0
1938,1.0
1939,1.0
1940,1.0
1941,1.0
1942,1.0
1943,1.0
1944,1.0
1945,1.0
1946,1.0
1947,1.0
1948,1.0
1949,1.0
1950,1.0
1951,1.0
1952,1.0
1953,1.0
1954,1.0
1955,1.0
1956,1.0
1957,1.0
1958,1.0
1959,1.0
1960,1.0
1961,1.0
1962,1.0
1963,0.0
1964,0.0
1965,0.0
1966,0.0
1967,0.0
1968,0.0
1969,0.0
1970,0.0
1971,0.0
1972,0.0
1973,0.0
1974,0.0
1975,0.0
1976,0.0
1977,0.0
1978,0.0
1979,0.0
1980,0.0
1981,0.0
1982,0.0
1983,0.0
1984,0.0
1985,0.0
1986,0.0
1987,0.0
1988,0.0
1989,0.0
1990,0.0
1991,0.0
1992,0.0
1993,0.0
1994,0.0
1995,0.0
1996,0.0
1997,0.0
1998,0.0
1999,0.0
2000,0.0
2001,0.0
2002,0.0
2003,3.0
2004,0.0
2005,0.0
2006,3.0
2007,0.0
2008,0.0
2009,3.0
2010,0.0
2011,0.0
2012,3.0
2013,0.0
2014,0.0
2015,3.0
2016,3.0
2017,0.0
2018,0.0
2019,3.0
2020,0.0
2021,0.0
2022,3.0
2023,0.0
2024,0.0
2025,0.0
2026,3.0
2027,0.0
2028,0.0
2029,3.0
2030,3.0
2031,0.0
2032,0.0
2033,3.0
2034,1.0
2035,1.0
2036,1.0
2037,3.0
2038,1.0
2039,1.0
2040,1.0
2041,1.0
2042,1.0
2043,1.0
2044,1.0
2045,1.0
2046,1.0
2047,3.0
2048,1.0
2049,1.0
2050,1.0
2051,3.0
2052,1.0
2053,1.0
2054,1.0
2055,3.0
2056,1.0
2057,1.0
2058,3.0
2059,3.0
2060,1.0
2061,1.0
2062,3.0
2063,0.0
2064,0.0
2065,3.0
2066,0.0
2067,0.0
2068,3.0
2069,3.0
2070,0.0
2071,0.0
2072,3.0
2073,0.0
2074,0.0
2075,3.0
2076,0.0
2077,0.0
2078,3.0
2079,0.0
2080,0.0
2081,0.0
2082,0.0
2083,0.0
2084,0.0
2085,0.0
2086,0.0
2087,0.0
2088,0.0
2089,0.0
2090,0.0
2091,0.0
2092,0.0
2093,0.0
2094,0.0
2095,0.0
2096,0.0
2097,0.0
2098,0.0
2099,0.0
2100,2.0
2101,2.0
2102,2.0
2103,2.0
2104,2.0
2105,2.0
2106,2.0
2107,2.0
2108,2.0
2109,2.0
2110,2.0
2111,2.0
2112,2.0
2113,2.0
2114,2.0
2115,2.0
2116,2.0
2117,2.0
2118,2.0
2119,2.0
2120,2.0
2121,2.0
2122,2.0
2123,1.0
2124,2.0
2125,3.0
2126,3.0
2127,3.0
2128,3.0
2129,3.0
2130,3.0
2131,3.0
2132,1.0
2133,1.0
2134,1.0
2135,1.0
2136,1.0
2137,1.0
2138,1.0
2139,1.0
2140,1.0
2141,1.0
2142,1.0
2143,1.0
2144,1.0
2145,1.0
2146,1.0
2147,1.0
2148,1.0
2149,1.0
2150,1.0
2151,1.0
2152,1.0
2153,1.0
2154,1.0
2155,1.0
2156,1.0
2157,1.0
2158,1.0
2159,1.0
2160,1.0
2161,1.0
2162,1.0
2163,1.0
2164,1.0
2165,1.0
2166,1.0
2167,1.0
2168,1.0
2169,1.0
2170,1.0
2171,1.0
2172,3.0
2173,3.0
2174,3.0
2175,3.0
2176,3.0
2177,3.0
2178,3.0
2179,3.0
2180,1.0
2181,1.0
2182,1.0
2183,1.0
2184,1.0
2185,1.0
2186,1.0
2187,1.0
2188,1.0
2189,1.0
2190,1.0
2191,1.0
2192,1.0
2193,1.0
2194,1.0
2195,1.0
2196,1.0
2197,1.0
2198,1.0
2199,3.0
2200,3.0
2201,3.0
2202,3.0
2203,3.0
2204,3.0
2205,3.0
2206,0.0
2207,3.0
2208,0.0
2209,0.0
2210,0.0
2211,0.0
2212,0.0
2213,3.0
2214,0.0
2215,0.0
2216,0.0
2217,0.0
2218,0.0
2219,1.0
2220,1.0
2221,1.0
2222,1.0
2223,1.0
2224,1.0
2225,1.0
2226,1.0
2227,1.0
2228,1.0
2229,1.0
2230,1.0
2231,0.0
2232,3.0
2233,0.0
2234,0.0
2235,0.0
2236,0.0
2237,0.0
2238,3.0
2239,0.0
2240,3.0
2241,3.0
2242,0.0
2243,0.0
2244,0.0
2245,0.0
2246,0.0
2247,0.0
2248,0.0
2249,0.0
2250,0.0
2251,0.0
2252,0.0
2253,0.0
2254,0.0
2255,0.0
2256,3.0
2257,3.0
2258,1.0
2259,1.0
2260,1.0
2261,1.0
2262,1.0
2263,1.0
2264,1.0
2265,1.0
2266,3.0
2267,1.0
2268,0.0
2269,0.0
2270,0.0
2271,3.0
2272,0.0
2273,0.0
2274,0.0
2275,0.0
2276,0.0
2277,0.0
2278,0.0
2279,0.0
2280,0.0
2281,0.0
2282,0.0
2283,0.0
2284,0.0
2285,0.0
2286,0.0
2287,0.0
2288,0.0
2289,0.0
2290,0.0
2291,0.0
2292,0.0
2293,0.0
2294,0.0
2295,3.0
2296,3.0
2297,3.0
2298,3.0
2299,3.0
2300,3.0
2301,3.0
2302,0.0
2303,1.0
2304,1.0
2305,1.0
2306,1.0
2307,1.0
2308,1.0
2309,1.0
2310,1.0
2311,1.0
2312,1.0
2313,1.0
2314,0.0
2315,3.0
2316,3.0
2317,3.0
2318,3.0
2319,3.0
2320,3.0
2321,3.0
2322,3.0
2323,0.0
2324,0.0
2325,0.0
2326,0.0
2327,0.0
2328,0.0
2329,0.0
2330,0.0
2331,0.0
2332,0.0
2333,0.0
2334,0.0
2335,0.0
2336,0.0
2337,0.0
2338,0.0
2339,0.0
2340,0.0
2341,0.0
2342,0.0
2343,0.0
2344,0.0
2345,0.0
2346,3.0
2347,3.0
2348,3.0
2349,3.0
2350,3.0
2351,1.0
2352,1.0
2353,3.0
2354,1.0
2355,1.0
2356,1.0
2357,1.0
2358,1.0
2359,1.0
2360,1.0
2361,1.0
2362,1.0
2363,3.0
2364,1.0
2365,1.0
2366,3.0
2367,3.0
2368,1.0
2369,0.0
2370,3.0
2371,3.0
2372,0.0
2373,0.0
2374,0.0
2375,0.0
2376,0.0
2377,0.0
2378,0.0
2379,0.0
2380,0.0
2381,0.0
2382,0.0
2383,0.0
2384,0.0
2385,0.0
2386,0.0
2387,0.0
2388,0.0
2389,0.0
2390,0.0
2391,0.0
2392,0.0
2393,0.0
2394,0.0
2395,0.0
2396,0.0
2397,0.0
2398,1.0
2399,1.0
2400,2.0
2401,2.0
2402,2.0
2403,2.0
2404,2.0
2405,2.0
2406,2.0
2407,2.0
2408,2.0
2409,1.0
2410,1.0
2411,2.0
2412,1.0
2413,2.0
2414,1.0
2415,1.0
2416,1.0
2417,2.0
2418,1.0
2419,2.0
2420,1.0
2421,2.0
2422,1.0
2423,1.0
2424,1.0
2425,1.0
2426,1.0
2427,2.0
2428,1.0
2429,1.0
2430,1.0
2431,1.0
2432,2.0
2433,1.0
2434,1.0
2435,1.0
2436,1.0
2437,2.0
2438,1.0
2439,1.0
2440,1.0
2441,2.0
2442,2.0
2443,1.0
2444,1.0
2445,1.0
2446,1.0
2447,1.0
2448,1.0
2449,1.0
2450,2.0
2451,1.0
2452,1.0
2453,1.0
2454,1.0
2455,1.0
2456,1.0
2457,1.0
2458,1.0
2459,2.0
2460,1.0
2461,1.0
2462,1.0
2463,1.0
2464,1.0
2465,1.0
2466,1.0
2467,1.0
2468,1.0
2469,1.0
2470,1.0
2471,1.0
2472,2.0
2473,1.0
2474,1.0
2475,2.0
2476,1.0
2477,1.0
2478,1.0
2479,1.0
2480,1.0
2481,1.0
2482,1.0
2483,1.0
2484,1.0
2485,1.0
2486,1.0
2487,2.0
2488,2.0
2489,1.0
2490,1.0
2491,1.0
2492,1.0
2493,1.0
2494,1.0
2495,1.0
2496,1.0
2497,3.0
2498,3.0
2499,3.0
2500,3.0
2501,3.0
2502,3.0
2503,3.0
2504,3.0
2505,3.0
2506,3.0
2507,1.0
2508,3.0
2509,1.0
2510,1.0
2511,3.0
2512,1.0
2513,3.0
2514,1.0
2515,1.0
2516,1.0
2517,1.0
2518,1.0
2519,1.0
2520,1.0
2521,1.0
2522,3.0
2523,1.0
2524,1.0
2525,3.0
2526,1.0
2527,3.0
2528,3.0
2529,3.0
2530,3.0
2531,3.0
2532,3.0
2533,3.0
2534,3.0
2535,3.0
2536,3.0
2537,3.0
2538,3.0
2539,3.0
2540,1.0
2541,1.0
2542,1.0
2543,1.0
2544,1.0
2545,1.0
2546,1.0
2547,1.0
2548,1.0
2549,1.0
2550,1.0
2551,1.0
2552,1.0
2553,1.0
2554,3.0
2555,3.0
2556,3.0
2557,3.0
2558,3.0
2559,1.0
2560,1.0
2561,1.0
2562,1.0
2563,1.0
2564,3.0
2565,1.0
2566,1.0
2567,1.0
2568,1.0
2569,1.0
2570,3.0
2571,1.0
2572,3.0
2573,1.0
2574,1.0
2575,3.0
2576,3.0
2577,0.0
2578,0.0
2579,0.0
2580,0.0
2581,0.0
2582,0.0
2583,0.0
2584,0.0
2585,0.0
2586,0.0
2587,0.0
2588,0.0
2589,0.0
2590,0.0
2591,0.0
2592,0.0
2593,0.0
2594,0.0
2595,0.0
2596,0.0
2597,0.0
2598,0.0
2599,0.0
2600,0.0
2601,0.0
2602,0.0
2603,0.0
2604,0.0
2605,0.0
2606,0.0
2607,0.0
2608,0.0
2609,0.0
2610,0.0
2611,0.0
2612,3.0
2613,0.0
2614,3.0
2615,0.0
2616,0.0
2617,0.0
2618,0.0
2619,3.0
2620,0.0
2621,0.0
2622,0.0
2623,0.0
2624,0.0
2625,0.0
2626,0.0
2627,0.0
2628,3.0
2629,0.0
2630,3.0
2631,0.0
2632,0.0
2633,0.0
2634,0.0
2635,0.0
2636,0.0
2637,0.0
2638,3.0
2639,1.0
2640,1.0
2641,1.0
2642,1.0
2643,1.0
2644,1.0
2645,1.0
2646,1.0
2647,1.0
2648,1.0
2649,1.0
2650,1.0
2651,1.0
2652,1.0
2653,3.0
2654,0.0
2655,3.0
2656,0.0
2657,3.0
2658,0.0
2659,3.0
2660,0.0
2661,0.0
2662,0.0
2663,0.0
2664,0.0
2665,0.0
2666,0.0
2667,0.0
2668,3.0
2669,0.0
2670,0.0
2671,0.0
2672,0.0
2673,0.0
2674,0.0
2675,3.0
2676,0.0
2677,0.0
2678,0.0
2679,0.0
2680,0.0
2681,0.0
2682,0.0
2683,0.0
2684,0.0
2685,0.0
2686,0.0
2687,0.0
2688,0.0
2689,0.0
2690,0.0
2691,0.0
2692,0.0
2693,0.0
2694,0.0
2695,0.0
2696,0.0
2697,0.0
2698,0.0
2699,0.0
2700,3.0
2701,2.0
2702,2.0
2703,2.0
2704,3.0
2705,2.0
2706,2.0
2707,2.0
2708,2.0
2709,2.0
2710,3.0
2711,2.0
2712,2.0
2713,2.0
2714,2.0
2715,2.0
2716,2.0
2717,2.0
2718,2.0
2719,1.0
2720,1.0
2721,1.0
2722,1.0
2723,1.0
2724,1.0
2725,1.0
2726,1.0
2727,1.0
2728,1.0
2729,2.0
2730,1.0
2731,1.0
2732,1.0
2733,2.0
2734,1.0
2735,1.0
2736,1.0
2737,1.0
2738,1.0
2739,2.0
2740,1.0
2741,2.0
2742,1.0
2743,1.0
2744,1.0
2745,1.0
2746,1.0
2747,1.0
2748,1.0
2749,1.0
2750,1.0
2751,1.0
2752,3.0
2753,1.0
2754,1.0
2755,2.0
2756,1.0
2757,1.0
2758,1.0
2759,1.0
2760,3.0
2761,3.0
2762,3.0
2763,3.0
2764,3.0
2765,3.0
2766,3.0
2767,3.0
2768,3.0
2769,3.0
2770,3.0
2771,3.0
2772,3.0
2773,1.0
2774,1.0
2775,1.0
2776,1.0
2777,3.0
2778,1.0
2779,1.0
2780,1.0
2781,1.0
2782,1.0
2783,1.0
2784,1.0
2785,1.0
2786,3.0
2787,3.0
2788,3.0
2789,3.0
2790,3.0
2791,3.0
2792,3.0
2793,3.0
2794,3.0
2795,3.0
2796,3.0
2797,3.0
2798,3.0
2799,3.0
2800,1.0
2801,1.0
2802,1.0
2803,1.0
2804,1.0
2805,1.0
2806,1.0
2807,1.0
2808,1.0
2809,1.0
2810,1.0
2811,3.0
2812,3.0
2813,3.0
2814,3.0
2815,0.0
2816,0.0
2817,0.0
2818,0.0
2819,0.0
2820,0.0
2821,0.0
2822,0.0
2823,0.0
2824,0.0
2825,0.0
2826,0.0
2827,0.0
2828,0.0
2829,0.0
2830,0.0
2831,0.0
2832,0.0
2833,0.0
2834,0.0
2835,0.0
2836,0.0
2837,0.0
2838,0.0
2839,0.0
2840,0.0
2841,0.0
2842,0.0
2843,0.0
2844,0.0
2845,0.0
2846,0.0
2847,0.0
2848,0.0
2849,0.0
2850,0.0
2851,0.0
2852,0.0
2853,0.0
2854,0.0
2855,0.0
2856,0.0
2857,0.0
2858,0.0
2859,0.0
2860,0.0
2861,0.0
2862,0.0
2863,0.0
2864,0.0
2865,0.0
2866,0.0
2867,3.0
2868,0.0
2869,0.0
2870,0.0
2871,0.0
2872,0.0
2873,0.0
2874,0.0
2875,0.0
2876,0.0
2877,0.0
2878,0.0
2879,0.0
2880,0.0
2881,0.0
2882,0.0
2883,0.0
2884,0.0
2885,3.0
2886,1.0
2887,1.0
2888,3.0
2889,1.0
2890,1.0
2891,1.0
2892,3.0
2893,1.0
2894,1.0
2895,1.0
2896,0.0
2897,0.0
2898,0.0
2899,0.0
2900,0.0
2901,0.0
2902,0.0
2903,0.0
2904,0.0
2905,0.0
2906,0.0
2907,0.0
2908,0.0
2909,0.0
2910,0.0
2911,0.0
2912,0.0
2913,0.0
2914,0.0
2915,3.0
2916,0.0
2917,0.0
2918,0.0
2919,3.0
2920,0.0
2921,0.0
2922,0.0
2923,0.0
2924,0.0
2925,0.0
2926,0.0
2927,0.0
2928,0.0
2929,0.0
2930,0.0
2931,0.0
2932,0.0
2933,0.0
2934,0.0
2935,0.0
2936,0.0
2937,0.0
2938,0.0
2939,0.0
2940,0.0
2941,0.0
2942,0.0
2943,0.0
2944,0.0
2945,0.0
2946,0.0
2947,0.0
2948,0.0
2949,0.0
2950,0.0
2951,0.0
2952,0.0
2953,0.0
2954,0.0
2955,0.0
2956,0.0
2957,0.0
2958,0.0
2959,0.0
2960,0.0
2961,0.0
2962,0.0
2963,0.0
2964,0.0
2965,0.0
2966,0.0
2967,0.0
2968,0.0
2969,3.0
2970,3.0
2971,3.0
2972,0.0
2973,0.0
2974,3.0
2975,3.0
2976,1.0
2977,1.0
2978,1.0
2979,3.0
2980,1.0
2981,1.0
2982,1.0
2983,3.0
2984,0.0
2985,0.0
2986,3.0
2987,0.0
2988,3.0
2989,0.0
2990,0.0
2991,0.0
2992,0.0
2993,0.0
2994,0.0
2995,0.0
2996,0.0
2997,0.0
2998,0.0
2999,0.0
3000,2.0
3001,2.0
3002,2.0
3003,2.0
3004,2.0
3005,2.0
3006,2.0
3007,2.0
3008,2.0
3009,2.0
3010,2.0
3011,2.0
3012,2.0
3013,2.0
3014,2.0
3015,2.0
3016,2.0
3017,2.0
3018,2.0
3019,2.0
3020,2.0
3021,2.0
3022,2.0
3023,2.0
3024,2.0
3025,2.0
3026,2.0
3027,2.0
3028,2.0
3029,2.0
3030,2.0
3031,2.0
3032,2.0
3033,2.0
3034,2.0
3035,2.0
3036,2.0
3037,1.0
3038,2.0
3039,1.0
3040,1.0
3041,1.0
3042,1.0
3043,1.0
3044,2.0
3045,2.0
3046,1.0
3047,1.0
3048,1.0
3049,1.0
3050,1.0
3051,1.0
3052,1.0
3053,1.0
3054,1.0
3055,1.0
3056,1.0
3057,1.0
3058,1.0
3059,1.0
3060,1.0
3061,1.0
3062,1.0
3063,1.0
3064,1.0
3065,1.0
3066,1.0
3067,2.0
3068,2.0
3069,1.0
3070,1.0
3071,1.0
3072,1.0
3073,1.0
3074,1.0
3075,1.0
3076,1.0
3077,1.0
3078,1.0
3079,1.0
3080,1.0
3081,1.0
3082,1.0
3083,1.0
3084,1.0
3085,2.0
3086,2.0
3087,1.0
3088,2.0
3089,1.0
3090,1.0
3091,1.0
3092,1.0
3093,1.0
3094,1.0
3095,1.0
3096,1.0
3097,1.0
3098,1.0
3099,1.0
3100,1.0
3101,1.0
3102,1.0
3103,1.0
3104,1.0
3105,1.0
3106,1.0
3107,1.0
3108,1.0
3109,1.0
3110,1.0
3111,0.0
3112,0.0
3113,0.0
3114,0.0
3115,0.0
3116,0.0
3117,0.0
3118,3.0
3119,3.0
3120,3.0
3121,3.0
3122,1.0
3123,1.0
3124,1.0
3125,1.0
3126,1.0
3127,1.0
3128,1.0
3129,1.0
3130,1.0
3131,1.0
3132,1.0
3133,1.0
3134,1.0
3135,1.0
3136,3.0
3137,3.0
3138,0.0
3139,0.0
3140,0.0
3141,0.0
3142,0.0
3143,0.0
3144,0.0
3145,0.0
3146,0.0
3147,0.0
3148,0.0
3149,0.0
3150,0.0
3151,0.0
3152,0.0
3153,0.0
3154,0.0
3155,0.0
3156,0.0
3157,0.0
3158,0.0
3159,0.0
3160,0.0
3161,0.0
3162,0.0
3163,0.0
3164,0.0
3165,0.0
3166,0.0
3167,0.0
3168,0.0
3169,3.0
3170,3.0
3171,3.0
3172,3.0
3173,3.0
3174,3.0
3175,1.0
3176,1.0
3177,1.0
3178,1.0
3179,1.0
3180,1.0
3181,1.0
3182,1.0
3183,1.0
3184,1.0
3185,1.0
3186,1.0
3187,1.0
3188,1.0
3189,1.0
3190,1.0
3191,1.0
3192,3.0
3193,3.0
3194,3.0
3195,3.0
3196,3.0
3197,3.0
3198,0.0
3199,0.0
3200,0.0
3201,0.0
3202,0.0
3203,0.0
3204,0.0
3205,0.0
3206,0.0
3207,0.0
3208,0.0
3209,0.0
3210,0.0
3211,0.0
3212,0.0
3213,0.0
3214,0.0
3215,0.0
3216,0.0
3217,0.0
3218,0.0
3219,0.0
3220,0.0
3221,0.0
3222,0.0
3223,0.0
3224,0.0
3225,0.0
3226,0.0
3227,0.0
3228,0.0
3229,0.0
3230,0.0
3231,0.0
3232,0.0
3233,3.0
3234,0.0
3235,0.0
3236,0.0
3237,0.0
3238,0.0
3239,0.0
3240,3.0
3241,0.0
3242,0.0
3243,0.0
3244,0.0
3245,0.0
3246,0.0
3247,3.0
3248,0.0
3249,1.0
3250,1.0
3251,1.0
3252,1.0
3253,1.0
3254,1.0
3255,1.0
3256,1.0
3257,1.0
3258,1.0
3259,1.0
3260,1.0
3261,1.0
3262,1.0
3263,1.0
3264,0.0
3265,0.0
3266,0.0
3267,3.0
3268,0.0
3269,0.0
3270,0.0
3271,0.0
3272,0.0
3273,0.0
3274,0.0
3275,0.0
3276,3.0
3277,0.0
3278,3.0
3279,0.0
3280,0.0
3281,0.0
3282,0.0
3283,0.0
3284,0.0
3285,0.0
3286,0.0
3287,0.0
3288,0.0
3289,0.0
3290,0.0
3291,0.0
3292,0.0
3293,0.0
3294,0.0
3295,3.0
3296,3.0
3297,3.0
3298,1.0
3299,1.0
3300,2.0
3301,2.0
3302,2.0
3303,2.0
3304,2.0
3305,2.0
3306,2.0
3307,2.0
3308,2.0
3309,2.0
3310,2.0
3311,2.0
3312,2.0
3313,2.0
3314,2.0
3315,2.0
3316,2.0
3317,2.0
3318,2.0
3319,2.0
3320,1.0
3321,1.0
3322,2.0
3323,1.0
3324,1.0
3325,1.0
3326,1.0
3327,1.0
3328,2.0
3329,1.0
3330,1.0
3331,2.0
3332,2.0
3333,1.0
3334,1.0
3335,1.0
3336,1.0
3337,2.0
3338,1.0
3339,1.0
3340,1.0
3341,1.0
3342,1.0
3343,1.0
3344,1.0
3345,2.0
3346,1.0
3347,1.0
3348,1.0
3349,1.0
3350,1.0
3351,1.0
3352,1.0
3353,1.0
3354,1.0
3355,1.0
3356,1.0
3357,1.0
3358,1.0
3359,1.0
3360,1.0
3361,1.0
3362,1.0
3363,1.0
3364,1.0
3365,1.0
3366,1.0
3367,1.0
3368,0.0
3369,0.0
3370,0.0
3371,0.0
3372,0.0
3373,1.0
3374,1.0
3375,1.0
3376,1.0
3377,1.0
3378,1.0
3379,1.0
3380,1.0
3381,1.0
3382,1.0
3383,1.0
3384,1.0
3385,0.0
3386,0.0
3387,0.0
3388,0.0
3389,0.0
3390,0.0
3391,0.0
3392,0.0
3393,0.0
3394,0.0
3395,0.0
3396,0.0
3397,0.0
3398,0.0
3399,0.0
3400,0.0
3401,0.0
3402,0.0
3403,0.0
3404,0.0
3405,0.0
3406,0.0
3407,0.0
3408,0.0
3409,3.0
3410,3.0
3411,3.0
3412,3.0
3413,3.0
3414,3.0
3415,3.0
3416,3.0
3417,3.0
3418,3.0
3419,3.0
3420,3.0
3421,3.0
3422,1.0
3423,1.0
3424,1.0
3425,1.0
3426,1.0
3427,1.0
3428,1.0
3429,1.0
3430,1.0
3431,1.0
3432,1.0
3433,1.0
3434,1.0
3435,1.0
3436,1.0
3437,1.0
3438,1.0
3439,1.0
3440,3.0
3441,3.0
3442,3.0
3443,3.0
3444,3.0
3445,3.0
3446,3.0
3447,3.0
3448,3.0
3449,3.0
3450,3.0
3451,0.0
3452,0.0
3453,0.0
3454,0.0
3455,0.0
3456,0.0
3457,0.0
3458,0.0
3459,0.0
3460,0.0
3461,0.0
3462,0.0
3463,0.0
3464,0.0
3465,0.0
3466,0.0
3467,0.0
3468,0.0
3469,0.0
3470,0.0
3471,0.0
3472,0.0
3473,0.0
3474,0.0
3475,0.0
3476,3.0
3477,0.0
3478,0.0
3479,0.0
3480,0.0
3481,0.0
3482,0.0
3483,3.0
3484,0.0
3485,0.0
3486,0.0
3487,0.0
3488,0.0
3489,0.0
3490,0.0
3491,0.0
3492,0.0
3493,3.0
3494,0.0
3495,0.0
3496,0.0
3497,0.0
3498,0.0
3499,1.0
3500,1.0
3501,1.0
3502,1.0
3503,1.0
3504,1.0
3505,1.0
3506,1.0
3507,1.0
3508,1.0
3509,1.0
3510,1.0
3511,1.0
3512,1.0
3513,0.0
3514,3.0
3515,0.0
3516,0.0
3517,0.0
3518,0.0
3519,0.0
3520,0.0
3521,0.0
3522,0.0
3523,0.0
3524,3.0
3525,0.0
3526,0.0
3527,0.0
3528,0.0
3529,0.0
3530,0.0
3531,3.0
3532,0.0
3533,0.0
3534,0.0
3535,0.0
3536,0.0
3537,0.0
3538,0.0
3539,0.0
3540,0.0
3541,0.0
3542,0.0
3543,0.0
3544,0.0
3545,0.0
3546,3.0
3547,0.0
3548,0.0
3549,1.0
3550,1.0
3551,1.0
3552,1.0
3553,1.0
3554,1.0
3555,1.0
3556,1.0
3557,1.0
3558,1.0
3559,1.0
3560,3.0
3561,3.0
3562,0.0
3563,3.0
3564,3.0
3565,0.0
3566,0.0
3567,0.0
3568,0.0
3569,0.0
3570,0.0
3571,0.0
3572,0.0
3573,0.0
3574,0.0
3575,0.0
3576,0.0
3577,0.0
3578,3.0
3579,3.0
3580,0.0
3581,3.0
3582,3.0
3583,0.0
3584,1.0
3585,1.0
3586,1.0
3587,1.0
3588,1.0
3589,1.0
3590,1.0
3591,1.0
3592,1.0
3593,1.0
3594,3.0
3595,0.0
3596,0.0
3597,0.0
3598,3.0
3599,3.0
3600,2.0
3601,2.0
3602,2.0
3603,2.0
3604,2.0
3605,2.0
3606,2.0
3607,2.0
3608,2.0
3609,2.0
3610,2.0
3611,2.0
3612,2.0
3613,2.0
3614,2.0
3615,2.0
3616,2.0
3617,2.0
3618,2.0
3619,2.0
3620,1.0
3621,1.0
3622,1.0
3623,1.0
3624,2.0
3625,1.0
3626,2.0
3627,1.0
3628,1.0
3629,1.0
3630,2.0
3631,1.0
3632,1.0
3633,1.0
3634,1.0
3635,1.0
3636,1.0
3637,1.0
3638,1.0
3639,1.0
3640,1.0
3641,2.0
3642,1.0
3643,1.0
3644,1.0
3645,1.0
3646,1.0
3647,1.0
3648,1.0
3649,1.0
3650,1.0
3651,1.0
3652,1.0
3653,1.0
3654,1.0
3655,1.0
3656,1.0
3657,1.0
3658,1.0
3659,1.0
3660,1.0
3661,1.0
3662,1.0
3663,1.0
3664,1.0
3665,1.0
3666,1.0
3667,1.0
3668,0.0
3669,0.0
3670,0.0
3671,0.0
3672,0.0
3673,0.0
3674,0.0
3675,0.0
3676,0.0
3677,0.0
3678,0.0
3679,0.0
3680,0.0
3681,0.0
3682,0.0
3683,0.0
3684,0.0
3685,0.0
3686,0.0
3687,0.0
3688,0.0
3689,0.0
3690,0.0
3691,0.0
3692,0.0
3693,0.0
3694,0.0
3695,0.0
3696,0.0
3697,0.0
3698,0.0
3699,0.0
3700,0.0
3701,0.0
3702,0.0
3703,0.0
3704,0.0
3705,0.0
3706,0.0
3707,0.0
3708,0.0
3709,0.0
3710,0.0
3711,0.0
3712,0.0
3713,0.0
3714,0.0
3715,1.0
3716,1.0
3717,1.0
3718,1.0
3719,1.0
3720,1.0
3721,1.0
3722,1.0
3723,1.0
3724,1.0
3725,1.0
3726,1.0
3727,1.0
3728,1.0
3729,1.0
3730,1.0
3731,1.0
3732,1.0
3733,1.0
3734,0.0
3735,0.0
3736,0.0
3737,0.0
3738,0.0
3739,0.0
3740,0.0
3741,0.0
3742,0.0
3743,0.0
3744,0.0
3745,0.0
3746,0.0
3747,0.0
3748,0.0
3749,0.0
3750,0.0
3751,0.0
3752,0.0
3753,0.0
3754,0.0
3755,0.0
3756,0.0
3757,0.0
3758,0.0
3759,0.0
3760,0.0
3761,0.0
3762,0.0
3763,0.0
3764,0.0
3765,0.0
3766,0.0
3767,0.0
3768,0.0
3769,0.0
3770,0.0
3771,0.0
3772,0.0
3773,0.0
3774,0.0
3775,0.0
3776,0.0
3777,0.0
3778,0.0
3779,0.0
3780,0.0
3781,0.0
3782,0.0
3783,3.0
3784,0.0
3785,3.0
3786,0.0
3787,3.0
3788,3.0
3789,3.0
3790,3.0
3791,3.0
3792,3.0
3793,1.0
3794,3.0
3795,3.0
3796,1.0
3797,1.0
3798,1.0
3799,1.0
3800,1.0
3801,1.0
3802,1.0
3803,1.0
3804,1.0
3805,1.0
3806,1.0
3807,3.0
3808,3.0
3809,3.0
3810,3.0
3811,3.0
3812,0.0
3813,0.0
3814,0.0
3815,0.0
3816,0.0
3817,0.0
3818,0.0
3819,0.0
3820,0.0
3821,0.0
3822,0.0
3823,0.0
3824,0.0
3825,0.0
3826,3.0
3827,3.0
3828,0.0
3829,1.0
3830,0.0
3831,1.0
3832,1.0
3833,1.0
3834,1.0
3835,1.0
3836,1.0
3837,3.0
3838,1.0
3839,1.0
3840,3.0
3841,3.0
3842,3.0
3843,3.0
3844,0.0
3845,0.0
3846,0.0
3847,0.0
3848,0.0
3849,0.0
3850,0.0
3851,0.0
3852,0.0
3853,0.0
3854,0.0
3855,0.0
3856,0.0
3857,0.0
3858,0.0
3859,0.0
3860,3.0
3861,3.0
3862,1.0
3863,1.0
3864,1.0
3865,1.0
3866,1.0
3867,1.0
3868,1.0
3869,1.0
3870,3.0
3871,3.0
3872,1.0
3873,1.0
3874,3.0
3875,3.0
3876,0.0
3877,0.0
3878,0.0
3879,0.0
3880,0.0
3881,0.0
3882,0.0
3883,0.0
3884,0.0
3885,0.0
3886,0.0
3887,0.0
3888,0.0
3889,0.0
3890,0.0
3891,0.0
3892,0.0
3893,0.0
3894,0.0
3895,0.0
3896,0.0
3897,0.0
3898,0.0
3899,0.0
3900,2.0
3901,2.0
3902,2.0
3903,2.0
3904,2.0
3905,2.0
3906,2.0
3907,2.0
3908,2.0
3909,2.0
3910,2.0
3911,2.0
3912,2.0
3913,2.0
3914,2.0
3915,2.0
3916,2.0
3917,2.0
3918,1.0
3919,2.0
3920,1.0
3921,1.0
3922,1.0
3923,1.0
3924,1.0
3925,1.0
3926,1.0
3927,1.0
3928,1.0
3929,1.0
3930,1.0
3931,1.0
3932,1.0
3933,1.0
3934,1.0
3935,1.0
3936,1.0
3937,1.0
3938,1.0
3939,1.0
3940,1.0
3941,1.0
3942,1.0
3943,1.0
3944,1.0
3945,1.0
3946,1.0
3947,1.0
3948,1.0
3949,1.0
3950,1.0
3951,1.0
3952,1.0
3953,1.0
3954,1.0
3955,1.0
3956,1.0
3957,1.0
3958,1.0
3959,1.0
3960,1.0
3961,1.0
3962,1.0
3963,1.0
3964,1.0
3965,1.0
3966,1.0
3967,1.0
3968,1.0
3969,3.0
3970,3.0
3971,3.0
3972,3.0
3973,3.0
3974,3.0
3975,3.0
3976,3.0
3977,1.0
3978,1.0
3979,1.0
3980,1.0
3981,1.0
3982,1.0
3983,1.0
3984,1.0
3985,1.0
3986,1.0
3987,1.0
3988,1.0
3989,1.0
3990,3.0
3991,3.0
3992,3.0
3993,3.0
3994,3.0
3995,3.0
3996,3.0
3997,3.0
3998,0.0
3999,0.0
4000,0.0
4001,0.0
4002,0.0
4003,0.0
4004,0.0
4005,0.0
4006,0.0
4007,0.0
4008,0.0
4009,0.0
4010,0.0
4011,0.0
4012,0.0
4013,0.0
4014,0.0
4015,0.0
4016,0.0
4017,0.0
4018,0.0
4019,0.0
4020,0.0
4021,0.0
4022,0.0
4023,0.0
4024,0.0
4025,0.0
4026,3.0
4027,0.0
4028,0.0
4029,0.0
4030,0.0
4031,0.0
4032,0.0
4033,0.0
4034,0.0
4035,0.0
4036,0.0
4037,0.0
4038,0.0
4039,0.0
4040,3.0
4041,0.0
4042,0.0
4043,0.0
4044,0.0
4045,0.0
4046,1.0
4047,1.0
4048,1.0
4049,1.0
4050,1.0
4051,1.0
4052,1.0
4053,1.0
4054,1.0
4055,1.0
4056,1.0
4057,0.0
4058,0.0
4059,0.0
4060,0.0
4061,0.0
4062,0.0
4063,3.0
4064,0.0
4065,0.0
4066,0.0
4067,0.0
4068,0.0
4069,0.0
4070,0.0
4071,3.0
4072,0.0
4073,0.0
4074,0.0
4075,0.0
4076,0.0
4077,0.0
4078,0.0
4079,0.0
4080,0.0
4081,0.0
4082,0.0
4083,0.0
4084,0.0
4085,0.0
4086,0.0
4087,0.0
4088,0.0
4089,0.0
4090,0.0
4091,0.0
4092,0.0
4093,0.0
4094,0.0
4095,0.0
4096,0.0
4097,0.0
4098,0.0
4099,0.0
4100,0.0
4101,0.0
4102,0.0
4103,0.0
4104,0.0
4105,0.0
4106,0.0
4107,0.0
4108,0.0
4109,0.0
4110,0.0
4111,1.0
4112,1.0
4113,1.0
4114,1.0
4115,1.0
4116,1.0
4117,1.0
4118,1.0
4119,0.0
4120,0.0
4121,3.0
4122,0.0
4123,0.0
4124,0.0
4125,0.0
4126,0.0
4127,0.0
4128,0.0
4129,0.0
4130,0.0
4131,0.0
4132,0.0
4133,0.0
4134,0.0
4135,3.0
4136,3.0
4137,3.0
4138,3.0
4139,3.0
4140,3.0
4141,3.0
4142,3.0
4143,3.0
4144,3.0
4145,1.0
4146,1.0
4147,1.0
4148,1.0
4149,1.0
4150,1.0
4151,1.0
4152,1.0
4153,3.0
4154,3.0
4155,3.0
4156,3.0
4157,3.0
4158,3.0
4159,3.0
4160,3.0
4161,3.0
4162,3.0
4163,3.0
4164,0.0
4165,0.0
4166,0.0
4167,0.0
4168,0.0
4169,0.0
4170,0.0
4171,0.0
4172,0.0
4173,0.0
4174,0.0
4175,0.0
4176,0.0
4177,0.0
4178,0.0
4179,3.0
4180,1.0
4181,1.0
4182,1.0
4183,1.0
4184,1.0
4185,1.0
4186,3.0
4187,1.0
4188,1.0
4189,3.0
4190,0.0
4191,0.0
4192,0.0
4193,0.0
4194,0.0
4195,0.0
4196,0.0
4197,0.0
4198,0.0
4199,0.0
4200,2.0
4201,2.0
4202,2.0
4203,2.0
4204,2.0
4205,1.0
4206,1.0
4207,1.0
4208,1.0
4209,2.0
4210,1.0
4211,1.0
4212,2.0
4213,1.0
4214,1.0
4215,1.0
4216,1.0
4217,1.0
4218,2.0
4219,1.0
4220,1.0
4221,2.0
4222,2.0
4223,1.0
4224,1.0
4225,1.0
4226,1.0
4227,1.0
4228,1.0
4229,0.0
4230,0.0
4231,0.0
4232,0.0
4233,0.0
4234,0.0
4235,0.0
4236,1.0
4237,1.0
4238,1.0
4239,1.0
4240,1.0
4241,1.0
4242,1.0
4243,1.0
4244,1.0
4245,2.0
4246,2.0
4247,1.0
4248,1.0
4249,2.0
4250,1.0
4251,1.0
4252,2.0
4253,2.0
4254,1.0
4255,1.0
4256,1.0
4257,1.0
4258,1.0
4259,1.0
4260,1.0
4261,1.0
4262,1.0
4263,1.0
4264,1.0
4265,0.0
4266,0.0
4267,0.0
4268,0.0
4269,0.0
4270,0.0
4271,0.0
4272,0.0
4273,0.0
4274,0.0
4275,0.0
4276,0.0
4277,0.0
4278,0.0
4279,0.0
4280,0.0
4281,0.0
4282,0.0
4283,0.0
4284,0.0
4285,0.0
4286,0.0
4287,0.0
4288,0.0
4289,0.0
4290,0.0
4291,0.0
4292,0.0
4293,0.0
4294,1.0
4295,1.0
4296,1.0
4297,2.0
4298,1.0
4299,1.0
4300,1.0
4301,2.0
4302,2.0
4303,2.0
4304,1.0
4305,1.0
4306,1.0
4307,1.0
4308,1.0
4309,0.0
4310,0.0
4311,0.0
4312,0.0
4313,0.0
4314,0.0
4315,0.0
4316,0.0
4317,0.0
4318,0.0
4319,0.0
4320,0.0
4321,0.0
4322,0.0
4323,0.0
4324,0.0
4325,0.0
4326,0.0
4327,0.0
4328,0.0
4329,0.0
4330,0.0
4331,0.0
4332,0.0
4333,0.0
4334,0.0
4335,0.0
4336,0.0
4337,0.0
4338,0.0
4339,0.0
4340,0.0
4341,0.0
4342,0.0
4343,0.0
4344,0.0
4345,0.0
4346,0.0
4347,0.0
4348,0.0
4349,0.0
4350,0.0
4351,0.0
4352,0.0
4353,0.0
4354,1.0
4355,1.0
4356,2.0
4357,2.0
4358,2.0
4359,1.0
4360,1.0
4361,1.0
4362,2.0
4363,2.0
4364,1.0
4365,1.0
4366,1.0
4367,0.0
4368,0.0
4369,0.0
4370,0.0
4371,0.0
4372,0.0
4373,0.0
4374,0.0
4375,0.0
4376,0.0
4377,0.0
4378,0.0
4379,0.0
4380,0.0
4381,0.0
4382,0.0
4383,0.0
4384,0.0
4385,0.0
4386,0.0
4387,0.0
4388,0.0
4389,0.0
4390,0.0
4391,0.0
4392,0.0
4393,0.0
4394,0.0
4395,0.0
4396,0.0
4397,0.0
4398,0.0
4399,0.0
4400,0.0
4401,0.0
4402,0.0
4403,0.0
4404,0.0
4405,0.0
4406,0.0
4407,0.0
4408,0.0
4409,0.0
4410,0.0
4411,0.0
4412,0.0
4413,0.0
4414,1.0
4415,1.0
4416,2.0
4417,1.0
4418,1.0
4419,1.0
4420,1.0
4421,1.0
4422,2.0
4423,2.0
4424,1.0
4425,1.0
4426,1.0
4427,1.0
4428,0.0
4429,0.0
4430,0.0
4431,0.0
4432,0.0
4433,0.0
4434,0.0
4435,0.0
4436,0.0
4437,0.0
4438,0.0
4439,0.0
4440,0.0
4441,0.0
4442,0.0
4443,0.0
4444,0.0
4445,0.0
4446,0.0
4447,0.0
4448,0.0
4449,0.0
4450,0.0
4451,0.0
4452,0.0
4453,0.0
4454,0.0
4455,0.0
4456,0.0
4457,0.0
4458,0.0
4459,0.0
4460,0.0
4461,0.0
4462,0.0
4463,0.0
4464,0.0
4465,0.0
4466,0.0
4467,0.0
4468,0.0
4469,0.0
4470,0.0
4471,1.0
4472,1.0
4473,1.0
4474,2.0
4475,2.0
4476,1.0
4477,1.0
4478,2.0
4479,2.0
4480,1.0
4481,1.0
4482,1.0
4483,1.0
4484,1.0
4485,0.0
4486,0.0
4487,0.0
4488,0.0
4489,0.0
4490,0.0
4491,0.0
4492,0.0
4493,0.0
4494,0.0
4495,0.0
4496,0.0
4497,0.0
4498,0.0
4499,0.0
4500,2.0
4501,2.0
4502,2.0
4503,2.0
4504,2.0
4505,2.0
4506,2.0
4507,2.0
4508,2.0
4509,2.0
4510,2.0
4511,2.0
4512,2.0
4513,2.0
4514,2.0
4515,2.0
4516,2.0
4517,2.0
4518,2.0
4519,2.0
4520,2.0
4521,2.0
4522,2.0
4523,2.0
4524,2.0
4525,2.0
4526,2.0
4527,2.0
4528,2.0
4529,1.0
4530,2.0
4531,1.0
4532,1.0
4533,1.0
4534,1.0
4535,1.0
4536,1.0
4537,1.0
4538,1.0
4539,1.0
4540,1.0
4541,1.0
4542,1.0
4543,1.0
4544,1.0
4545,1.0
4546,1.0
4547,1.0
4548,1.0
4549,1.0
4550,1.0
4551,1.0
4552,1.0
4553,1.0
4554,1.0
4555,1.0
4556,1.0
4557,1.0
4558,1.0
4559,1.0
4560,1.0
4561,1.0
4562,1.0
4563,1.0
4564,1.0
4565,1.0
4566,1.0
4567,1.0
4568,1.0
4569,1.0
4570,1.0
4571,1.0
4572,1.0
4573,1.0
4574,1.0
4575,1.0
4576,1.0
4577,3.0
4578,3.0
4579,3.0
4580,3.0
4581,3.0
4582,3.0
4583,3.0
4584,1.0
4585,1.0
4586,1.0
4587,1.0
4588,1.0
4589,1.0
4590,1.0
4591,1.0
4592,1.0
4593,1.0
4594,1.0
4595,1.0
4596,1.0
4597,1.0
4598,1.0
4599,1.0
4600,1.0
4601,1.0
4602,1.0
4603,1.0
4604,1.0
4605,1.0
4606,3.0
4607,3.0
4608,3.0
4609,3.0
4610,3.0
4611,3.0
4612,3.0
4613,3.0
4614,3.0
4615,3.0
4616,1.0
4617,1.0
4618,1.0
4619,1.0
4620,1.0
4621,1.0
4622,1.0
4623,1.0
4624,1.0
4625,1.0
4626,1.0
4627,1.0
4628,1.0
4629,1.0
4630,1.0
4631,1.0
4632,1.0
4633,1.0
4634,1.0
4635,1.0
4636,1.0
4637,3.0
4638,3.0
4639,3.0
4640,3.0
4641,0.0
4642,0.0
4643,0.0
4644,0.0
4645,0.0
4646,0.0
4647,3.0
4648,1.0
4649,1.0
4650,1.0
4651,1.0
4652,1.0
4653,1.0
4654,1.0
4655,1.0
4656,1.0
4657,1.0
4658,1.0
4659,1.0
4660,1.0
4661,1.0
4662,1.0
4663,1.0
4664,1.0
4665,1.0
4666,3.0
4667,3.0
4668,3.0
4669,0.0
4670,0.0
4671,0.0
4672,0.0
4673,0.0
4674,0.0
4675,0.0
4676,0.0
4677,0.0
4678,0.0
4679,0.0
4680,0.0
4681,0.0
4682,0.0
4683,0.0
4684,0.0
4685,0.0
4686,0.0
4687,0.0
4688,0.0
4689,3.0
4690,0.0
4691,0.0
4692,3.0
4693,3.0
4694,3.0
4695,1.0
4696,1.0
4697,1.0
4698,1.0
4699,1.0
4700,1.0
4701,1.0
4702,1.0
4703,1.0
4704,1.0
4705,1.0
4706,1.0
4707,1.0
4708,1.0
4709,3.0
4710,0.0
4711,0.0
4712,3.0
4713,0.0
4714,0.0
4715,3.0
4716,0.0
4717,0.0
4718,0.0
4719,0.0
4720,0.0
4721,0.0
4722,0.0
4723,0.0
4724,0.0
4725,0.0
4726,0.0
4727,0.0
4728,0.0
4729,0.0
4730,0.0
4731,0.0
4732,0.0
4733,0.0
4734,0.0
4735,0.0
4736,3.0
4737,0.0
4738,3.0
4739,0.0
4740,0.0
4741,0.0
4742,3.0
4743,0.0
4744,3.0
4745,0.0
4746,0.0
4747,3.0
4748,0.0
4749,3.0
4750,0.0
4751,1.0
4752,0.0
4753,0.0
4754,3.0
4755,1.0
4756,1.0
4757,1.0
4758,1.0
4759,1.0
4760,1.0
4761,1.0
4762,1.0
4763,3.0
4764,1.0
4765,1.0
4766,1.0
4767,1.0
4768,1.0
4769,1.0
4770,1.0
4771,1.0
4772,0.0
4773,0.0
4774,3.0
4775,0.0
4776,0.0
4777,0.0
4778,0.0
4779,3.0
4780,0.0
4781,0.0
4782,0.0
4783,0.0
4784,3.0
4785,0.0
4786,3.0
4787,3.0
4788,0.0
4789,0.0
4790,0.0
4791,0.0
4792,0.0
4793,0.0
4794,0.0
4795,0.0
4796,0.0
4797,0.0
4798,0.0
4799,3.0
4800,3.0
4801,3.0
4802,3.0
4803,3.0
4804,3.0
4805,3.0
4806,2.0
4807,3.0
4808,3.0
4809,3.0
4810,3.0
4811,2.0
4812,2.0
4813,3.0
4814,3.0
4815,3.0
4816,3.0
4817,3.0
4818,2.0
4819,2.0
4820,3.0
4821,3.0
4822,1.0
4823,1.0
4824,1.0
4825,3.0
4826,1.0
4827,3.0
4828,2.0
4829,2.0
4830,3.0
4831,3.0
4832,3.0
4833,3.0
4834,3.0
4835,3.0
4836,1.0
4837,2.0
4838,2.0
4839,2.0
4840,3.0
4841,3.0
4842,3.0
4843,3.0
4844,3.0
4845,3.0
4846,1.0
4847,2.0
4848,2.0
4849,2.0
4850,3.0
4851,3.0
4852,3.0
4853,3.0
4854,1.0
4855,1.0
4856,2.0
4857,2.0
4858,2.0
4859,3.0
4860,1.0
4861,3.0
4862,3.0
4863,3.0
4864,1.0
4865,2.0
4866,2.0
4867,2.0
4868,3.0
4869,3.0
4870,3.0
4871,3.0
4872,1.0
4873,2.0
4874,2.0
4875,2.0
4876,3.0
4877,3.0
4878,3.0
4879,3.0
4880,1.0
4881,2.0
4882,2.0
4883,2.0
4884,3.0
4885,3.0
4886,3.0
4887,1.0
4888,2.0
4889,2.0
4890,2.0
4891,3.0
4892,3.0
4893,3.0
4894,1.0
4895,2.0
4896,2.0
4897,3.0
4898,3.0
4899,3.0
4900,2.0
4901,2.0
4902,1.0
4903,3.0
4904,3.0
4905,2.0
4906,2.0
4907,1.0
4908,3.0
4909,1.0
4910,2.0
4911,1.0
4912,1.0
4913,1.0
4914,2.0
4915,1.0
4916,1.0
4917,2.0
4918,1.0
4919,1.0
4920,2.0
4921,1.0
4922,1.0
4923,1.0
4924,1.0
4925,1.0
4926,1.0
4927,1.0
4928,1.0
4929,1.0
4930,1.0
4931,1.0
4932,1.0
4933,1.0
4934,1.0
4935,1.0
4936,1.0
4937,1.0
4938,1.0
4939,1.0
4940,1.0
4941,1.0
4942,1.0
4943,1.0
4944,1.0
4945,1.0
4946,1.0
4947,1.0
4948,1.0
4949,0.0
4950,0.0
4951,1.0
4952,1.0
4953,0.0
4954,1.0
4955,1.0
4956,1.0
4957,1.0
4958,1.0
4959,1.0
4960,0.0
4961,0.0
4962,0.0
4963,1.0
4964,1.0
4965,0.0
4966,0.0
4967,0.0
4968,0.0
4969,0.0
4970,1.0
4971,1.0
4972,0.0
4973,0.0
4974,1.0
4975,0.0
4976,0.0
4977,0.0
4978,1.0
4979,1.0
4980,0.0
4981,0.0
4982,0.0
4983,0.0
4984,0.0
4985,1.0
4986,0.0
4987,1.0
4988,1.0
4989,0.0
4990,0.0
4991,1.0
4992,0.0
4993,0.0
4994,0.0
4995,0.0
4996,0.0
4997,1.0
4998,1.0
4999,0.0
5000,0.0
5001,0.0
5002,0.0
5003,0.0
5004,0.0
5005,0.0
5006,0.0
5007,0.0
5008,1.0
5009,1.0
5010,0.0
5011,0.0
5012,1.0
5013,1.0
5014,0.0
5015,0.0
5016,0.0
5017,0.0
5018,0.0
5019,1.0
5020,1.0
5021,0.0
5022,0.0
5023,0.0
5024,0.0
5025,1.0
5026,0.0
5027,0.0
5028,0.0
5029,0.0
5030,1.0
5031,1.0
5032,1.0
5033,1.0
5034,0.0
5035,0.0
5036,1.0
5037,0.0
5038,0.0
5039,0.0
5040,0.0
5041,0.0
5042,1.0
5043,1.0
5044,1.0
5045,0.0
5046,0.0
5047,0.0
5048,0.0
5049,0.0
5050,0.0
5051,0.0
5052,0.0
5053,0.0
5054,0.0
5055,1.0
5056,1.0
5057,0.0
5058,1.0
5059,0.0
5060,1.0
5061,0.0
5062,0.0
5063,0.0
5064,0.0
5065,0.0
5066,1.0
5067,1.0
5068,1.0
5069,1.0
5070,0.0
5071,0.0
5072,0.0
5073,0.0
5074,0.0
5075,0.0
5076,0.0
5077,0.0
5078,0.0
5079,0.0
5080,1.0
5081,0.0
5082,1.0
5083,1.0
5084,0.0
5085,0.0
5086,0.0
5087,0.0
5088,0.0
5089,0.0
5090,0.0
5091,0.0
5092,0.0
5093,0.0
5094,0.0
5095,0.0
5096,0.0
5097,1.0
5098,1.0
5099,1.0
5100,2.0
5101,2.0
5102,2.0
5103,2.0
5104,2.0
5105,2.0
5106,2.0
5107,2.0
5108,2.0
5109,2.0
5110,2.0
5111,2.0
5112,2.0
5113,2.0
5114,2.0
5115,2.0
5116,2.0
5117,2.0
5118,2.0
5119,2.0
5120,2.0
5121,2.0
5122,2.0
5123,2.0
5124,2.0
5125,2.0
5126,2.0
5127,2.0
5128,2.0
5129,2.0
5130,2.0
5131,2.0
5132,2.0
5133,2.0
5134,2.0
5135,2.0
5136,2.0
5137,2.0
5138,2.0
5139,2.0
5140,2.0
5141,2.0
5142,2.0
5143,2.0
5144,2.0
5145,2.0
5146,2.0
5147,2.0
5148,2.0
5149,2.0
5150,2.0
5151,2.0
5152,2.0
5153,1.0
5154,1.0
5155,2.0
5156,1.0
5157,1.0
5158,1.0
5159,1.0
5160,1.0
5161,1.0
5162,2.0
5163,1.0
5164,1.0
5165,1.0
5166,1.0
5167,1.0
5168,1.0
5169,2.0
5170,2.0
5171,1.0
5172,1.0
5173,1.0
5174,1.0
5175,1.0
5176,1.0
5177,2.0
5178,2.0
5179,2.0
5180,1.0
5181,1.0
5182,1.0
5183,1.0
5184,1.0
5185,1.0
5186,1.0
5187,1.0
5188,1.0
5189,1.0
5190,1.0
5191,1.0
5192,1.0
5193,1.0
5194,1.0
5195,1.0
5196,1.0
5197,1.0
5198,2.0
5199,1.0
5200,1.0
5201,1.0
5202,1.0
5203,1.0
5204,1.0
5205,1.0
5206,1.0
5207,3.0
5208,3.0
5209,3.0
5210,3.0
5211,3.0
5212,3.0
5213,3.0
5214,3.0
5215,3.0
5216,3.0
5217,3.0
5218,3.0
5219,3.0
5220,3.0
5221,3.0
5222,3.0
5223,3.0
5224,3.0
5225,3.0
5226,3.0
5227,3.0
5228,3.0
5229,3.0
5230,3.0
5231,3.0
5232,3.0
5233,3.0
5234,3.0
5235,1.0
5236,1.0
5237,1.0
5238,1.0
5239,1.0
5240,1.0
5241,1.0
5242,1.0
5243,1.0
5244,1.0
5245,1.0
5246,1.0
5247,1.0
5248,1.0
5249,1.0
5250,1.0
5251,1.0
5252,1.0
5253,1.0
5254,1.0
5255,3.0
5256,1.0
5257,3.0
5258,3.0
5259,3.0
5260,3.0
5261,3.0
5262,3.0
5263,3.0
5264,3.0
5265,3.0
5266,3.0
5267,3.0
5268,3.0
5269,3.0
5270,3.0
5271,3.0
5272,3.0
5273,3.0
5274,3.0
5275,3.0
5276,3.0
5277,3.0
5278,3.0
5279,3.0
5280,3.0
5281,3.0
5282,3.0
5283,3.0
5284,3.0
5285,3.0
5286,1.0
5287,1.0
5288,1.0
5289,1.0
5290,1.0
5291,1.0
5292,1.0
5293,1.0
5294,1.0
5295,1.0
5296,1.0
5297,1.0
5298,1.0
5299,3.0
5300,3.0
5301,3.0
5302,3.0
5303,3.0
5304,0.0
5305,0.0
5306,0.0
5307,0.0
5308,0.0
5309,0.0
5310,0.0
5311,0.0
5312,0.0
5313,3.0
5314,0.0
5315,0.0
5316,3.0
5317,0.0
5318,0.0
5319,0.0
5320,0.0
5321,0.0
5322,0.0
5323,0.0
5324,0.0
5325,0.0
5326,0.0
5327,0.0
5328,0.0
5329,1.0
5330,1.0
5331,3.0
5332,1.0
5333,1.0
5334,1.0
5335,1.0
5336,1.0
5337,1.0
5338,1.0
5339,1.0
5340,3.0
5341,1.0
5342,1.0
5343,1.0
5344,1.0
5345,0.0
5346,3.0
5347,0.0
5348,0.0
5349,0.0
5350,0.0
5351,0.0
5352,0.0
5353,0.0
5354,0.0
5355,3.0
5356,0.0
5357,0.0
5358,0.0
5359,0.0
5360,0.0
5361,0.0
5362,0.0
5363,0.0
5364,0.0
5365,0.0
5366,3.0
5367,0.0
5368,0.0
5369,0.0
5370,0.0
5371,0.0
5372,0.0
5373,0.0
5374,0.0
5375,0.0
5376,0.0
5377,0.0
5378,0.0
5379,0.0
5380,0.0
5381,0.0
5382,0.0
5383,0.0
5384,0.0
5385,0.0
5386,0.0
5387,0.0
5388,0.0
5389,3.0
5390,0.0
5391,3.0
5392,0.0
5393,0.0
5394,0.0
5395,0.0
5396,0.0
5397,3.0
5398,3.0
5399,0.0
5400,2.0
5401,2.0
5402,2.0
5403,2.0
5404,2.0
5405,2.0
5406,2.0
5407,2.0
5408,2.0
5409,2.0
5410,2.0
5411,2.0
5412,2.0
5413,2.0
5414,2.0
5415,2.0
5416,2.0
5417,2.0
5418,2.0
5419,2.0
5420,2.0
5421,2.0
5422,2.0
5423,2.0
5424,2.0
5425,2.0
5426,2.0
5427,2.0
5428,2.0
5429,2.0
5430,2.0
5431,2.0
5432,2.0
5433,2.0
5434,2.0
5435,2.0
5436,2.0
5437,2.0
5438,2.0
5439,2.0
5440,1.0
5441,1.0
5442,1.0
5443,1.0
5444,1.0
5445,1.0
5446,1.0
5447,1.0
5448,1.0
5449,1.0
5450,1.0
5451,1.0
5452,2.0
5453,1.0
5454,1.0
5455,1.0
5456,1.0
5457,1.0
5458,1.0
5459,1.0
5460,1.0
5461,1.0
5462,2.0
5463,1.0
5464,1.0
5465,1.0
5466,1.0
5467,1.0
5468,1.0
5469,1.0
5470,2.0
5471,1.0
5472,1.0
5473,1.0
5474,1.0
5475,1.0
5476,1.0
5477,1.0
5478,1.0
5479,1.0
5480,1.0
5481,1.0
5482,2.0
5483,2.0
5484,1.0
5485,1.0
5486,1.0
5487,1.0
5488,1.0
5489,1.0
5490,2.0
5491,2.0
5492,1.0
5493,1.0
5494,1.0
5495,1.0
5496,1.0
5497,1.0
5498,1.0
5499,0.0
5500,0.0
5501,0.0
5502,0.0
5503,0.0
5504,0.0
5505,0.0
5506,1.0
5507,1.0
5508,1.0
5509,1.0
5510,1.0
5511,1.0
5512,1.0
5513,1.0
5514,1.0
5515,1.0
5516,1.0
5517,1.0
5518,1.0
5519,1.0
5520,1.0
5521,0.0
5522,0.0
5523,0.0
5524,0.0
5525,0.0
5526,0.0
5527,0.0
5528,0.0
5529,0.0
5530,0.0
5531,0.0
5532,0.0
5533,0.0
5534,0.0
5535,0.0
5536,0.0
5537,0.0
5538,0.0
5539,0.0
5540,0.0
5541,0.0
5542,0.0
5543,0.0
5544,0.0
5545,3.0
5546,0.0
5547,3.0
5548,0.0
5549,0.0
5550,3.0
5551,0.0
5552,3.0
5553,0.0
5554,3.0
5555,0.0
5556,3.0
5557,0.0
5558,3.0
5559,0.0
5560,3.0
5561,0.0
5562,0.0
5563,3.0
5564,0.0
5565,3.0
5566,0.0
5567,3.0
5568,0.0
5569,3.0
5570,0.0
5571,3.0
5572,0.0
5573,3.0
5574,3.0
5575,3.0
5576,3.0
5577,3.0
5578,3.0
5579,3.0
5580,3.0
5581,3.0
5582,3.0
5583,3.0
5584,1.0
5585,3.0
5586,3.0
5587,1.0
5588,1.0
5589,1.0
5590,1.0
5591,1.0
5592,1.0
5593,1.0
5594,1.0
5595,1.0
5596,1.0
5597,1.0
5598,1.0
5599,1.0
5600,1.0
5601,1.0
5602,1.0
5603,1.0
5604,3.0
5605,3.0
5606,3.0
5607,3.0
5608,3.0
5609,3.0
5610,3.0
5611,3.0
5612,3.0
5613,3.0
5614,3.0
5615,3.0
5616,0.0
5617,3.0
5618,0.0
5619,3.0
5620,0.0
5621,3.0
5622,0.0
5623,3.0
5624,0.0
5625,3.0
5626,0.0
5627,0.0
5628,3.0
5629,0.0
5630,3.0
5631,0.0
5632,3.0
5633,0.0
5634,3.0
5635,0.0
5636,3.0
5637,0.0
5638,3.0
5639,0.0
5640,0.0
5641,0.0
5642,0.0
5643,0.0
5644,0.0
5645,0.0
5646,0.0
5647,0.0
5648,0.0
5649,0.0
5650,0.0
5651,0.0
5652,0.0
5653,0.0
5654,0.0
5655,0.0
5656,0.0
5657,0.0
5658,0.0
5659,0.0
5660,0.0
5661,0.0
5662,3.0
5663,3.0
5664,3.0
5665,0.0
5666,3.0
5667,0.0
5668,3.0
5669,0.0
5670,3.0
5671,0.0
5672,0.0
5673,0.0
5674,0.0
5675,0.0
5676,0.0
5677,0.0
5678,0.0
5679,0.0
5680,0.0
5681,3.0
5682,0.0
5683,3.0
5684,0.0
5685,3.0
5686,1.0
5687,1.0
5688,1.0
5689,1.0
5690,1.0
5691,1.0
5692,1.0
5693,1.0
5694,1.0
5695,1.0
5696,1.0
5697,1.0
5698,0.0
5699,0.0
